Workbook

Sheet Leia primeiro
A1: MATERIAL PRÁTICO FLOWO
A2: Planilha de comissões por profissional
A3: Registre atendimentos e calcule comissões conforme regras definidas pela barbearia.
A4: flowo.com.br
A6: COMO USAR
A7: 1. Cadastre profissionais e percentuais na aba Configuração.
A8: 2. Registre cada atendimento e marque o status correto.
A9: 3. Confira no Resumo somente atendimentos concluídos antes de pagar.
A11: ANTES DE COMEÇAR
A12: • Cancelados, estornados e não elegíveis ficam fora de faturamento e comissão.
A13: • Percentuais, vínculo, impostos, descontos e verbas devem seguir contrato e orientação contábil/trabalhista.
A15: AVISO IMPORTANTE
A16: Material educativo. Adapte à realidade da sua barbearia e valide decisões contábeis, fiscais, trabalhistas e jurídicas com profissionais habilitados.

Sheet Configuração
A1: Profissional | B1: % comissão | C1: Fixo no período (R$) | D1: Regra/contrato | E1: Vigência | F1: Observações
A2: Profissional 1 | B2: 0.5 | C2: 0 | D2: Preencher | E2: 2026
A3: Profissional 2 | B3: 0.45 | C3: 0 | D3: Preencher | E3: 2026
A4: Profissional 3 | B4: 0.4 | C4: 0 | D4: Preencher | E4: 2026

Sheet Atendimentos
A1: Data | B1: Profissional | C1: Serviço | D1: Valor (R$) | E1: % comissão | F1: Comissão elegível (R$) | G1: Status | H1: Observações | I1: Validação
A2: 46235 | B2: Profissional 1 | C2: Corte | D2: 60 | E2: =IF(B2="","",IFERROR(VLOOKUP(B2,Configuração!$A$2:$C$13,2,FALSE()),"")) -> 0.5 | F2: =IF(OR(B2="",G2<>"Concluído",COUNTIF(Configuração!$A$2:$A$13,B2)=0,NOT(ISNUMBER(E2))),0,D2*E2) -> 30 | G2: Concluído | I2: =IF(B2="","",IF(COUNTIF(Configuração!$A$2:$A$13,B2)=0,"ERRO: profissional não cadastrado",IF(G2="Concluído","Elegível","Excluído do cálculo"))) -> Elegível
A3: 46236 | B3: Profissional 2 | C3: Corte + barba | D3: 95 | E3: =IF(B3="","",IFERROR(VLOOKUP(B3,Configuração!$A$2:$C$13,2,FALSE()),"")) -> 0.45 | F3: =IF(OR(B3="",G3<>"Concluído",COUNTIF(Configuração!$A$2:$A$13,B3)=0,NOT(ISNUMBER(E3))),0,D3*E3) -> 42.75 | G3: Concluído | I3: =IF(B3="","",IF(COUNTIF(Configuração!$A$2:$A$13,B3)=0,"ERRO: profissional não cadastrado",IF(G3="Concluído","Elegível","Excluído do cálculo"))) -> Elegível
A4: 46237 | B4: Profissional 3 | C4: Barba | D4: 45 | E4: =IF(B4="","",IFERROR(VLOOKUP(B4,Configuração!$A$2:$C$13,2,FALSE()),"")) -> 0.4 | F4: =IF(OR(B4="",G4<>"Concluído",COUNTIF(Configuração!$A$2:$A$13,B4)=0,NOT(ISNUMBER(E4))),0,D4*E4) -> 18 | G4: Concluído | I4: =IF(B4="","",IF(COUNTIF(Configuração!$A$2:$A$13,B4)=0,"ERRO: profissional não cadastrado",IF(G4="Concluído","Elegível","Excluído do cálculo"))) -> Elegível
A5: 46238 | B5: Profissional 1 | C5: Acabamento | D5: 25 | E5: =IF(B5="","",IFERROR(VLOOKUP(B5,Configuração!$A$2:$C$13,2,FALSE()),"")) -> 0.5 | F5: =IF(OR(B5="",G5<>"Concluído",COUNTIF(Configuração!$A$2:$A$13,B5)=0,NOT(ISNUMBER(E5))),0,D5*E5) -> 0 | G5: Cancelado | I5: =IF(B5="","",IF(COUNTIF(Configuração!$A$2:$A$13,B5)=0,"ERRO: profissional não cadastrado",IF(G5="Concluído","Elegível","Excluído do cálculo"))) -> Excluído do cálculo
A6: 46239 | B6: Profissional 2 | C6: Tratamento | D6: 70 | E6: =IF(B6="","",IFERROR(VLOOKUP(B6,Configuração!$A$2:$C$13,2,FALSE()),"")) -> 0.45 | F6: =IF(OR(B6="",G6<>"Concluído",COUNTIF(Configuração!$A$2:$A$13,B6)=0,NOT(ISNUMBER(E6))),0,D6*E6) -> 0 | G6: Estornado | I6: =IF(B6="","",IF(COUNTIF(Configuração!$A$2:$A$13,B6)=0,"ERRO: profissional não cadastrado",IF(G6="Concluído","Elegível","Excluído do cálculo"))) -> Excluído do cálculo
A7: 46240 | B7: Profissional 3 | C7: Atendimento não elegível | D7: 30 | E7: =IF(B7="","",IFERROR(VLOOKUP(B7,Configuração!$A$2:$C$13,2,FALSE()),"")) -> 0.4 | F7: =IF(OR(B7="",G7<>"Concluído",COUNTIF(Configuração!$A$2:$A$13,B7)=0,NOT(ISNUMBER(E7))),0,D7*E7) -> 0 | G7: Não elegível | I7: =IF(B7="","",IF(COUNTIF(Configuração!$A$2:$A$13,B7)=0,"ERRO: profissional não cadastrado",IF(G7="Concluído","Elegível","Excluído do cálculo"))) -> Excluído do cálculo
E8: =IF(B8="","",IFERROR(VLOOKUP(B8,Configuração!$A$2:$C$13,2,FALSE()),"")) | F8: =IF(OR(B8="",G8<>"Concluído",COUNTIF(Configuração!$A$2:$A$13,B8)=0,NOT(ISNUMBER(E8))),0,D8*E8) -> 0 | I8: =IF(B8="","",IF(COUNTIF(Configuração!$A$2:$A$13,B8)=0,"ERRO: profissional não cadastrado",IF(G8="Concluído","Elegível","Excluído do cálculo")))
E9: =IF(B9="","",IFERROR(VLOOKUP(B9,Configuração!$A$2:$C$13,2,FALSE()),"")) | F9: =IF(OR(B9="",G9<>"Concluído",COUNTIF(Configuração!$A$2:$A$13,B9)=0,NOT(ISNUMBER(E9))),0,D9*E9) -> 0 | I9: =IF(B9="","",IF(COUNTIF(Configuração!$A$2:$A$13,B9)=0,"ERRO: profissional não cadastrado",IF(G9="Concluído","Elegível","Excluído do cálculo")))
E10: =IF(B10="","",IFERROR(VLOOKUP(B10,Configuração!$A$2:$C$13,2,FALSE()),"")) | F10: =IF(OR(B10="",G10<>"Concluído",COUNTIF(Configuração!$A$2:$A$13,B10)=0,NOT(ISNUMBER(E10))),0,D10*E10) -> 0 | I10: =IF(B10="","",IF(COUNTIF(Configuração!$A$2:$A$13,B10)=0,"ERRO: profissional não cadastrado",IF(G10="Concluído","Elegível","Excluído do cálculo")))
E11: =IF(B11="","",IFERROR(VLOOKUP(B11,Configuração!$A$2:$C$13,2,FALSE()),"")) | F11: =IF(OR(B11="",G11<>"Concluído",COUNTIF(Configuração!$A$2:$A$13,B11)=0,NOT(ISNUMBER(E11))),0,D11*E11) -> 0 | I11: =IF(B11="","",IF(COUNTIF(Configuração!$A$2:$A$13,B11)=0,"ERRO: profissional não cadastrado",IF(G11="Concluído","Elegível","Excluído do cálculo")))
E12: =IF(B12="","",IFERROR(VLOOKUP(B12,Configuração!$A$2:$C$13,2,FALSE()),"")) | F12: =IF(OR(B12="",G12<>"Concluído",COUNTIF(Configuração!$A$2:$A$13,B12)=0,NOT(ISNUMBER(E12))),0,D12*E12) -> 0 | I12: =IF(B12="","",IF(COUNTIF(Configuração!$A$2:$A$13,B12)=0,"ERRO: profissional não cadastrado",IF(G12="Concluído","Elegível","Excluído do cálculo")))
E13: =IF(B13="","",IFERROR(VLOOKUP(B13,Configuração!$A$2:$C$13,2,FALSE()),"")) | F13: =IF(OR(B13="",G13<>"Concluído",COUNTIF(Configuração!$A$2:$A$13,B13)=0,NOT(ISNUMBER(E13))),0,D13*E13) -> 0 | I13: =IF(B13="","",IF(COUNTIF(Configuração!$A$2:$A$13,B13)=0,"ERRO: profissional não cadastrado",IF(G13="Concluído","Elegível","Excluído do cálculo")))
E14: =IF(B14="","",IFERROR(VLOOKUP(B14,Configuração!$A$2:$C$13,2,FALSE()),"")) | F14: =IF(OR(B14="",G14<>"Concluído",COUNTIF(Configuração!$A$2:$A$13,B14)=0,NOT(ISNUMBER(E14))),0,D14*E14) -> 0 | I14: =IF(B14="","",IF(COUNTIF(Configuração!$A$2:$A$13,B14)=0,"ERRO: profissional não cadastrado",IF(G14="Concluído","Elegível","Excluído do cálculo")))
E15: =IF(B15="","",IFERROR(VLOOKUP(B15,Configuração!$A$2:$C$13,2,FALSE()),"")) | F15: =IF(OR(B15="",G15<>"Concluído",COUNTIF(Configuração!$A$2:$A$13,B15)=0,NOT(ISNUMBER(E15))),0,D15*E15) -> 0 | I15: =IF(B15="","",IF(COUNTIF(Configuração!$A$2:$A$13,B15)=0,"ERRO: profissional não cadastrado",IF(G15="Concluído","Elegível","Excluído do cálculo")))
E16: =IF(B16="","",IFERROR(VLOOKUP(B16,Configuração!$A$2:$C$13,2,FALSE()),"")) | F16: =IF(OR(B16="",G16<>"Concluído",COUNTIF(Configuração!$A$2:$A$13,B16)=0,NOT(ISNUMBER(E16))),0,D16*E16) -> 0 | I16: =IF(B16="","",IF(COUNTIF(Configuração!$A$2:$A$13,B16)=0,"ERRO: profissional não cadastrado",IF(G16="Concluído","Elegível","Excluído do cálculo")))
E17: =IF(B17="","",IFERROR(VLOOKUP(B17,Configuração!$A$2:$C$13,2,FALSE()),"")) | F17: =IF(OR(B17="",G17<>"Concluído",COUNTIF(Configuração!$A$2:$A$13,B17)=0,NOT(ISNUMBER(E17))),0,D17*E17) -> 0 | I17: =IF(B17="","",IF(COUNTIF(Configuração!$A$2:$A$13,B17)=0,"ERRO: profissional não cadastrado",IF(G17="Concluído","Elegível","Excluído do cálculo")))
E18: =IF(B18="","",IFERROR(VLOOKUP(B18,Configuração!$A$2:$C$13,2,FALSE()),"")) | F18: =IF(OR(B18="",G18<>"Concluído",COUNTIF(Configuração!$A$2:$A$13,B18)=0,NOT(ISNUMBER(E18))),0,D18*E18) -> 0 | I18: =IF(B18="","",IF(COUNTIF(Configuração!$A$2:$A$13,B18)=0,"ERRO: profissional não cadastrado",IF(G18="Concluído","Elegível","Excluído do cálculo")))
E19: =IF(B19="","",IFERROR(VLOOKUP(B19,Configuração!$A$2:$C$13,2,FALSE()),"")) | F19: =IF(OR(B19="",G19<>"Concluído",COUNTIF(Configuração!$A$2:$A$13,B19)=0,NOT(ISNUMBER(E19))),0,D19*E19) -> 0 | I19: =IF(B19="","",IF(COUNTIF(Configuração!$A$2:$A$13,B19)=0,"ERRO: profissional não cadastrado",IF(G19="Concluído","Elegível","Excluído do cálculo")))
... E101: =IF(B101="","",IFERROR(VLOOKUP(B101,Configuração!$A$2:$C$13,2,FALSE()),"")) | F101: =IF(OR(B101="",G101<>"Concluído",COUNTIF(Configuração!$A$2:$A$13,B101)=0,NOT(ISNUMBER(E101))),0,D101*E101) -> 0 | I101: =IF(B101="","",IF(COUNTIF(Configuração!$A$2:$A$13,B101)=0,"ERRO: profissional não cadastrado",IF(G101="Concluído","Elegível","Excluído do cálculo")))

Sheet Resumo
A1: Profissional | B1: Atendimentos | C1: Faturamento (R$) | D1: Comissão variável (R$) | E1: Fixo (R$) | F1: Total a pagar (R$)
A2: =IF(Configuração!A2="","",Configuração!A2) -> Profissional 1 | B2: =IF(A2="","",COUNTIFS(Atendimentos!$B$2:$B$101,A2,Atendimentos!$G$2:$G$101,"Concluído")) -> 1 | C2: =IF(A2="","",SUMIFS(Atendimentos!$D$2:$D$101,Atendimentos!$B$2:$B$101,A2,Atendimentos!$G$2:$G$101,"Concluído")) -> 60 | D2: =IF(A2="","",SUMIFS(Atendimentos!$F$2:$F$101,Atendimentos!$B$2:$B$101,A2,Atendimentos!$G$2:$G$101,"Concluído")) -> 30 | E2: =IF(A2="","",IFERROR(VLOOKUP(A2,Configuração!$A$2:$C$13,3,FALSE()),0)) -> 0 | F2: =IF(A2="","",D2+E2) -> 30
A3: =IF(Configuração!A3="","",Configuração!A3) -> Profissional 2 | B3: =IF(A3="","",COUNTIFS(Atendimentos!$B$2:$B$101,A3,Atendimentos!$G$2:$G$101,"Concluído")) -> 1 | C3: =IF(A3="","",SUMIFS(Atendimentos!$D$2:$D$101,Atendimentos!$B$2:$B$101,A3,Atendimentos!$G$2:$G$101,"Concluído")) -> 95 | D3: =IF(A3="","",SUMIFS(Atendimentos!$F$2:$F$101,Atendimentos!$B$2:$B$101,A3,Atendimentos!$G$2:$G$101,"Concluído")) -> 42.75 | E3: =IF(A3="","",IFERROR(VLOOKUP(A3,Configuração!$A$2:$C$13,3,FALSE()),0)) -> 0 | F3: =IF(A3="","",D3+E3) -> 42.75
A4: =IF(Configuração!A4="","",Configuração!A4) -> Profissional 3 | B4: =IF(A4="","",COUNTIFS(Atendimentos!$B$2:$B$101,A4,Atendimentos!$G$2:$G$101,"Concluído")) -> 1 | C4: =IF(A4="","",SUMIFS(Atendimentos!$D$2:$D$101,Atendimentos!$B$2:$B$101,A4,Atendimentos!$G$2:$G$101,"Concluído")) -> 45 | D4: =IF(A4="","",SUMIFS(Atendimentos!$F$2:$F$101,Atendimentos!$B$2:$B$101,A4,Atendimentos!$G$2:$G$101,"Concluído")) -> 18 | E4: =IF(A4="","",IFERROR(VLOOKUP(A4,Configuração!$A$2:$C$13,3,FALSE()),0)) -> 0 | F4: =IF(A4="","",D4+E4) -> 18
A5: =IF(Configuração!A5="","",Configuração!A5) | B5: =IF(A5="","",COUNTIFS(Atendimentos!$B$2:$B$101,A5,Atendimentos!$G$2:$G$101,"Concluído")) | C5: =IF(A5="","",SUMIFS(Atendimentos!$D$2:$D$101,Atendimentos!$B$2:$B$101,A5,Atendimentos!$G$2:$G$101,"Concluído")) | D5: =IF(A5="","",SUMIFS(Atendimentos!$F$2:$F$101,Atendimentos!$B$2:$B$101,A5,Atendimentos!$G$2:$G$101,"Concluído")) | E5: =IF(A5="","",IFERROR(VLOOKUP(A5,Configuração!$A$2:$C$13,3,FALSE()),0)) | F5: =IF(A5="","",D5+E5)
A6: =IF(Configuração!A6="","",Configuração!A6) | B6: =IF(A6="","",COUNTIFS(Atendimentos!$B$2:$B$101,A6,Atendimentos!$G$2:$G$101,"Concluído")) | C6: =IF(A6="","",SUMIFS(Atendimentos!$D$2:$D$101,Atendimentos!$B$2:$B$101,A6,Atendimentos!$G$2:$G$101,"Concluído")) | D6: =IF(A6="","",SUMIFS(Atendimentos!$F$2:$F$101,Atendimentos!$B$2:$B$101,A6,Atendimentos!$G$2:$G$101,"Concluído")) | E6: =IF(A6="","",IFERROR(VLOOKUP(A6,Configuração!$A$2:$C$13,3,FALSE()),0)) | F6: =IF(A6="","",D6+E6)
A7: =IF(Configuração!A7="","",Configuração!A7) | B7: =IF(A7="","",COUNTIFS(Atendimentos!$B$2:$B$101,A7,Atendimentos!$G$2:$G$101,"Concluído")) | C7: =IF(A7="","",SUMIFS(Atendimentos!$D$2:$D$101,Atendimentos!$B$2:$B$101,A7,Atendimentos!$G$2:$G$101,"Concluído")) | D7: =IF(A7="","",SUMIFS(Atendimentos!$F$2:$F$101,Atendimentos!$B$2:$B$101,A7,Atendimentos!$G$2:$G$101,"Concluído")) | E7: =IF(A7="","",IFERROR(VLOOKUP(A7,Configuração!$A$2:$C$13,3,FALSE()),0)) | F7: =IF(A7="","",D7+E7)
A8: =IF(Configuração!A8="","",Configuração!A8) | B8: =IF(A8="","",COUNTIFS(Atendimentos!$B$2:$B$101,A8,Atendimentos!$G$2:$G$101,"Concluído")) | C8: =IF(A8="","",SUMIFS(Atendimentos!$D$2:$D$101,Atendimentos!$B$2:$B$101,A8,Atendimentos!$G$2:$G$101,"Concluído")) | D8: =IF(A8="","",SUMIFS(Atendimentos!$F$2:$F$101,Atendimentos!$B$2:$B$101,A8,Atendimentos!$G$2:$G$101,"Concluído")) | E8: =IF(A8="","",IFERROR(VLOOKUP(A8,Configuração!$A$2:$C$13,3,FALSE()),0)) | F8: =IF(A8="","",D8+E8)
A9: =IF(Configuração!A9="","",Configuração!A9) | B9: =IF(A9="","",COUNTIFS(Atendimentos!$B$2:$B$101,A9,Atendimentos!$G$2:$G$101,"Concluído")) | C9: =IF(A9="","",SUMIFS(Atendimentos!$D$2:$D$101,Atendimentos!$B$2:$B$101,A9,Atendimentos!$G$2:$G$101,"Concluído")) | D9: =IF(A9="","",SUMIFS(Atendimentos!$F$2:$F$101,Atendimentos!$B$2:$B$101,A9,Atendimentos!$G$2:$G$101,"Concluído")) | E9: =IF(A9="","",IFERROR(VLOOKUP(A9,Configuração!$A$2:$C$13,3,FALSE()),0)) | F9: =IF(A9="","",D9+E9)
A10: =IF(Configuração!A10="","",Configuração!A10) | B10: =IF(A10="","",COUNTIFS(Atendimentos!$B$2:$B$101,A10,Atendimentos!$G$2:$G$101,"Concluído")) | C10: =IF(A10="","",SUMIFS(Atendimentos!$D$2:$D$101,Atendimentos!$B$2:$B$101,A10,Atendimentos!$G$2:$G$101,"Concluído")) | D10: =IF(A10="","",SUMIFS(Atendimentos!$F$2:$F$101,Atendimentos!$B$2:$B$101,A10,Atendimentos!$G$2:$G$101,"Concluído")) | E10: =IF(A10="","",IFERROR(VLOOKUP(A10,Configuração!$A$2:$C$13,3,FALSE()),0)) | F10: =IF(A10="","",D10+E10)
A11: =IF(Configuração!A11="","",Configuração!A11) | B11: =IF(A11="","",COUNTIFS(Atendimentos!$B$2:$B$101,A11,Atendimentos!$G$2:$G$101,"Concluído")) | C11: =IF(A11="","",SUMIFS(Atendimentos!$D$2:$D$101,Atendimentos!$B$2:$B$101,A11,Atendimentos!$G$2:$G$101,"Concluído")) | D11: =IF(A11="","",SUMIFS(Atendimentos!$F$2:$F$101,Atendimentos!$B$2:$B$101,A11,Atendimentos!$G$2:$G$101,"Concluído")) | E11: =IF(A11="","",IFERROR(VLOOKUP(A11,Configuração!$A$2:$C$13,3,FALSE()),0)) | F11: =IF(A11="","",D11+E11)
A12: =IF(Configuração!A12="","",Configuração!A12) | B12: =IF(A12="","",COUNTIFS(Atendimentos!$B$2:$B$101,A12,Atendimentos!$G$2:$G$101,"Concluído")) | C12: =IF(A12="","",SUMIFS(Atendimentos!$D$2:$D$101,Atendimentos!$B$2:$B$101,A12,Atendimentos!$G$2:$G$101,"Concluído")) | D12: =IF(A12="","",SUMIFS(Atendimentos!$F$2:$F$101,Atendimentos!$B$2:$B$101,A12,Atendimentos!$G$2:$G$101,"Concluído")) | E12: =IF(A12="","",IFERROR(VLOOKUP(A12,Configuração!$A$2:$C$13,3,FALSE()),0)) | F12: =IF(A12="","",D12+E12)
A13: =IF(Configuração!A13="","",Configuração!A13) | B13: =IF(A13="","",COUNTIFS(Atendimentos!$B$2:$B$101,A13,Atendimentos!$G$2:$G$101,"Concluído")) | C13: =IF(A13="","",SUMIFS(Atendimentos!$D$2:$D$101,Atendimentos!$B$2:$B$101,A13,Atendimentos!$G$2:$G$101,"Concluído")) | D13: =IF(A13="","",SUMIFS(Atendimentos!$F$2:$F$101,Atendimentos!$B$2:$B$101,A13,Atendimentos!$G$2:$G$101,"Concluído")) | E13: =IF(A13="","",IFERROR(VLOOKUP(A13,Configuração!$A$2:$C$13,3,FALSE()),0)) | F13: =IF(A13="","",D13+E13)
A14: TOTAL | B14: =SUM(B2:B13) -> 3 | C14: =SUM(C2:C13) -> 200 | D14: =SUM(D2:D13) -> 90.75 | E14: =SUM(E2:E13) -> 0 | F14: =SUM(F2:F13) -> 90.75
