Workbook

Sheet Comece aqui
A1: FLOWO · MATERIAL PRÁTICO
A2: Plano de metas de faturamento
A3: Acompanhe um mês completo e distribua a meta somente pelos dias em que a barbearia atende.
A4: Veja o resumo na próxima aba. Depois, preencha somente as células rosadas e volte ao resumo para decidir o que fazer.
A6: 01 | C6: 02 | E6: 03
A7: Defina a meta, o mês de referência e o número de profissionais. | C7: Na aba Acompanhamento, marque Sim apenas nos dias de atendimento; dias fechados e folgas não recebem meta. | E7: Registre o faturamento realizado e revise o ritmo sem confundir faturamento com lucro.
A9: LEGENDA RÁPIDA
A10: DIGITE AQUI | C10: RESULTADO | E10: ATENÇÃO
A11: Células rosadas | C11: Células verdes | E11: Células amarelas
A13: ANTES DE COMEÇAR
A14: • Ao trocar o mês, revise a coluna Dia de atendimento?; domingos vêm marcados como Não apenas como ponto de partida.
A15: • Metas precisam considerar custos, capacidade, folgas e sazonalidade.
A17: AVISO IMPORTANTE
A18: Material educativo. Adapte à realidade da sua barbearia e valide decisões contábeis, fiscais, trabalhistas e jurídicas com profissionais habilitados.
A19: flowo.com.br/recursos/materiais

Sheet Painel rápido
A1: FLOWO · RESUMO SIMPLES
A2: A meta do mês sem pressão cega
A3: Compare o realizado com a meta somente nos dias em que a barbearia atende.
A5: FATURAMENTO REALIZADO | D5: META DO MÊS | G5: % DA META
A6: ='Acompanhamento diário'!$C$33 -> 0 | D6: =Meta!$B$2 -> 20000 | G6: ='Acompanhamento diário'!$F$33 -> 0
A7: registrado até agora | D7: valor definido por você | G7: ritmo do mês
A10: PRÓXIMA AÇÃO
A11: Preencha apenas o faturamento dos dias já fechados e use a diferença para escolher uma ação desta semana.
A14: COMO LER
A15: 1. Preencha as células rosadas nas outras abas.
A16: 2. Volte aqui para conferir os números principais.
A17: 3. Resolva primeiro o que estiver pendente ou bloqueado.

Sheet Meta
A1: Indicador | B1: Valor | C1: Observação
A2: Meta mensal (R$) | B2: 20000 | C2: Preencha
A3: Mês de referência | B3: 46235 | C3: Use qualquer data do mês desejado
A4: Dias de atendimento no mês | B4: =COUNTIFS('Acompanhamento diário'!$A$2:$A$32,"<>",'Acompanhamento diário'!$B$2:$B$32,"Sim") -> 26 | C4: Calculado; dias fechados e folgas ficam fora
A5: Profissionais ativos | B5: 2 | C5: Preencha
A6: Meta por dia de atendimento (R$) | B6: =IFERROR(B2/B4,0) -> 769.23077 | C6: Calculada apenas sobre dias abertos
A7: Meta diária por profissional (R$) | B7: =IFERROR(B6/B5,0) -> 384.61538 | C7: Referência; ajuste por escala e capacidade

Sheet Acompanhamento diário
A1: Data | B1: Dia de atendimento? | C1: Faturamento realizado (R$) | D1: Meta do dia (R$) | E1: Diferença | F1: % da meta | G1: Observações
A2: =IF(ROW()-1<=DAY(EOMONTH(Meta!$B$3,0)),DATE(YEAR(Meta!$B$3),MONTH(Meta!$B$3),ROW()-1),"") -> 46235 | B2: =IF(A2="","",IF(WEEKDAY(A2,2)=7,"Não","Sim")) -> Sim | D2: =IF(OR(A2="",B2<>"Sim"),0,Meta!$B$6) -> 769.23077 | E2: =IF(OR(A2="",B2<>"Sim",C2=""),"",C2-D2) | F2: =IF(OR(D2=0,C2=""),"",C2/D2)
A3: =IF(ROW()-1<=DAY(EOMONTH(Meta!$B$3,0)),DATE(YEAR(Meta!$B$3),MONTH(Meta!$B$3),ROW()-1),"") -> 46236 | B3: =IF(A3="","",IF(WEEKDAY(A3,2)=7,"Não","Sim")) -> Não | D3: =IF(OR(A3="",B3<>"Sim"),0,Meta!$B$6) -> 0 | E3: =IF(OR(A3="",B3<>"Sim",C3=""),"",C3-D3) | F3: =IF(OR(D3=0,C3=""),"",C3/D3)
A4: =IF(ROW()-1<=DAY(EOMONTH(Meta!$B$3,0)),DATE(YEAR(Meta!$B$3),MONTH(Meta!$B$3),ROW()-1),"") -> 46237 | B4: =IF(A4="","",IF(WEEKDAY(A4,2)=7,"Não","Sim")) -> Sim | D4: =IF(OR(A4="",B4<>"Sim"),0,Meta!$B$6) -> 769.23077 | E4: =IF(OR(A4="",B4<>"Sim",C4=""),"",C4-D4) | F4: =IF(OR(D4=0,C4=""),"",C4/D4)
A5: =IF(ROW()-1<=DAY(EOMONTH(Meta!$B$3,0)),DATE(YEAR(Meta!$B$3),MONTH(Meta!$B$3),ROW()-1),"") -> 46238 | B5: =IF(A5="","",IF(WEEKDAY(A5,2)=7,"Não","Sim")) -> Sim | D5: =IF(OR(A5="",B5<>"Sim"),0,Meta!$B$6) -> 769.23077 | E5: =IF(OR(A5="",B5<>"Sim",C5=""),"",C5-D5) | F5: =IF(OR(D5=0,C5=""),"",C5/D5)
A6: =IF(ROW()-1<=DAY(EOMONTH(Meta!$B$3,0)),DATE(YEAR(Meta!$B$3),MONTH(Meta!$B$3),ROW()-1),"") -> 46239 | B6: =IF(A6="","",IF(WEEKDAY(A6,2)=7,"Não","Sim")) -> Sim | D6: =IF(OR(A6="",B6<>"Sim"),0,Meta!$B$6) -> 769.23077 | E6: =IF(OR(A6="",B6<>"Sim",C6=""),"",C6-D6) | F6: =IF(OR(D6=0,C6=""),"",C6/D6)
A7: =IF(ROW()-1<=DAY(EOMONTH(Meta!$B$3,0)),DATE(YEAR(Meta!$B$3),MONTH(Meta!$B$3),ROW()-1),"") -> 46240 | B7: =IF(A7="","",IF(WEEKDAY(A7,2)=7,"Não","Sim")) -> Sim | D7: =IF(OR(A7="",B7<>"Sim"),0,Meta!$B$6) -> 769.23077 | E7: =IF(OR(A7="",B7<>"Sim",C7=""),"",C7-D7) | F7: =IF(OR(D7=0,C7=""),"",C7/D7)
A8: =IF(ROW()-1<=DAY(EOMONTH(Meta!$B$3,0)),DATE(YEAR(Meta!$B$3),MONTH(Meta!$B$3),ROW()-1),"") -> 46241 | B8: =IF(A8="","",IF(WEEKDAY(A8,2)=7,"Não","Sim")) -> Sim | D8: =IF(OR(A8="",B8<>"Sim"),0,Meta!$B$6) -> 769.23077 | E8: =IF(OR(A8="",B8<>"Sim",C8=""),"",C8-D8) | F8: =IF(OR(D8=0,C8=""),"",C8/D8)
A9: =IF(ROW()-1<=DAY(EOMONTH(Meta!$B$3,0)),DATE(YEAR(Meta!$B$3),MONTH(Meta!$B$3),ROW()-1),"") -> 46242 | B9: =IF(A9="","",IF(WEEKDAY(A9,2)=7,"Não","Sim")) -> Sim | D9: =IF(OR(A9="",B9<>"Sim"),0,Meta!$B$6) -> 769.23077 | E9: =IF(OR(A9="",B9<>"Sim",C9=""),"",C9-D9) | F9: =IF(OR(D9=0,C9=""),"",C9/D9)
A10: =IF(ROW()-1<=DAY(EOMONTH(Meta!$B$3,0)),DATE(YEAR(Meta!$B$3),MONTH(Meta!$B$3),ROW()-1),"") -> 46243 | B10: =IF(A10="","",IF(WEEKDAY(A10,2)=7,"Não","Sim")) -> Não | D10: =IF(OR(A10="",B10<>"Sim"),0,Meta!$B$6) -> 0 | E10: =IF(OR(A10="",B10<>"Sim",C10=""),"",C10-D10) | F10: =IF(OR(D10=0,C10=""),"",C10/D10)
A11: =IF(ROW()-1<=DAY(EOMONTH(Meta!$B$3,0)),DATE(YEAR(Meta!$B$3),MONTH(Meta!$B$3),ROW()-1),"") -> 46244 | B11: =IF(A11="","",IF(WEEKDAY(A11,2)=7,"Não","Sim")) -> Sim | D11: =IF(OR(A11="",B11<>"Sim"),0,Meta!$B$6) -> 769.23077 | E11: =IF(OR(A11="",B11<>"Sim",C11=""),"",C11-D11) | F11: =IF(OR(D11=0,C11=""),"",C11/D11)
A12: =IF(ROW()-1<=DAY(EOMONTH(Meta!$B$3,0)),DATE(YEAR(Meta!$B$3),MONTH(Meta!$B$3),ROW()-1),"") -> 46245 | B12: =IF(A12="","",IF(WEEKDAY(A12,2)=7,"Não","Sim")) -> Sim | D12: =IF(OR(A12="",B12<>"Sim"),0,Meta!$B$6) -> 769.23077 | E12: =IF(OR(A12="",B12<>"Sim",C12=""),"",C12-D12) | F12: =IF(OR(D12=0,C12=""),"",C12/D12)
A13: =IF(ROW()-1<=DAY(EOMONTH(Meta!$B$3,0)),DATE(YEAR(Meta!$B$3),MONTH(Meta!$B$3),ROW()-1),"") -> 46246 | B13: =IF(A13="","",IF(WEEKDAY(A13,2)=7,"Não","Sim")) -> Sim | D13: =IF(OR(A13="",B13<>"Sim"),0,Meta!$B$6) -> 769.23077 | E13: =IF(OR(A13="",B13<>"Sim",C13=""),"",C13-D13) | F13: =IF(OR(D13=0,C13=""),"",C13/D13)
... A32: =IF(ROW()-1<=DAY(EOMONTH(Meta!$B$3,0)),DATE(YEAR(Meta!$B$3),MONTH(Meta!$B$3),ROW()-1),"") -> 46265 | B32: =IF(A32="","",IF(WEEKDAY(A32,2)=7,"Não","Sim")) -> Sim | D32: =IF(OR(A32="",B32<>"Sim"),0,Meta!$B$6) -> 769.23077 | E32: =IF(OR(A32="",B32<>"Sim",C32=""),"",C32-D32) | F32: =IF(OR(D32=0,C32=""),"",C32/D32)
A33: TOTAL | C33: =SUM(C2:C32) -> 0 | D33: =Meta!$B$2 -> 20000 | E33: =C33-D33 -> -20000 | F33: =IFERROR(C33/D33,0) -> 0
